   {
   "1": { "name": "A" },
    "2": { "name": "A" },
    "3": { "name": "A" },
    "4": { "name": "A" },
    "5": { "name": "A" },
    "6": { "name": "A" },
    "7": { "name": "A" },
    "8": { "name": "A" },
    "9": { "name": "A" },
    "10": { "name": "A" },
    "11": { "name": "A" },
    "12": { "name": "A" },
    "13": { "name": "B" },
    "14": { "name": "B" },
    "15": { "name": "C" },
    "16": { "name": "C" },
    "17": { "name": "C" },
    "18": { "name": "C" },
    "19": { "name": "C" },
    "20": { "name": "D" },
    "21": { "name": "D" },
    "22": { "name": "D" },
    "23": { "name": "D" },
    "24": { "name": "D" },
    "25": { "name": "E" },
    "26": { "name": "E" },
    "27": { "name": "E" },
    "28": { "name": "E" },
    "29": { "name": "E" },
    "30": { "name": "E" },
    "31": { "name": "E" },
    "32": { "name": "E" },
    "33": { "name": "E" },
    "34": { "name": "E" },
    "35": { "name": "E" },
    "36": { "name": "E" },
    "37": { "name": "E" },
    "38": { "name": "F" },
    "39": { "name": "G" },
    "40": { "name": "G" },
    "41": { "name": "H" },
    "42": { "name": "H" },
    "43": { "name": "H" },
    "44": { "name": "I" },
    "45": { "name": "I" },
    "46": { "name": "I" },
    "47": { "name": "I" },
    "48": { "name": "I" },
    "49": { "name": "I" },
    "50": { "name": "J" },
    "51": { "name": "L" },
    "52": { "name": "L" },
    "53": { "name": "L" },
    "54": { "name": "L" },
    "55": { "name": "L" },
    "56": { "name": "L" },
    "57": { "name": "M" },
    "58": { "name": "M" },
    "59": { "name": "N" },
    "60": { "name": "N" },
    "61": { "name": "N" },
    "62": { "name": "N" },
    "63": { "name": "N" },
    "64": { "name": "Ñ" },
    "65": { "name": "Ñ" },
    "66": { "name": "O" },
    "67": { "name": "O" },
    "68": { "name": "O" },
    "69": { "name": "O" },
    "70": { "name": "O" },
    "71": { "name": "O" },
    "72": { "name": "O" },
    "73": { "name": "O" },
    "74": { "name": "O" },
    "75": { "name": "O" },
    "76": { "name": "P" },
    "77": { "name": "P" },
    "78": { "name": "Q" },
    "79": { "name": "R" },
    "80": { "name": "R" },
    "81": { "name": "R" },
    "82": { "name": "R" },
    "83": { "name": "R" },
    "84": { "name": "R" },
    "85": { "name": "R" },
    "86": { "name": "S" },
    "87": { "name": "S" },
    "88": { "name": "S" },
    "89": { "name": "S" },
    "90": { "name": "S" },
    "91": { "name": "S" },
    "92": { "name": "S" },
    "93": { "name": "T" },
    "94": { "name": "T" },
    "95": { "name": "T" },
    "96": { "name": "T" },
    "97": { "name": "U" },
    "98": { "name": "U" },
    "99": { "name": "U" },
    "100": { "name": "U" },
    "101": { "name": "U" },
    "102": { "name": "V" },
    "103": { "name": "X" },
    "104": { "name": "Y" },
    "105": { "name": "Z" }
   }
