{
    "1": {
        "name": "A"
    },
    "2": {
        "name": "A"
    },
    "3": {
        "name": "A"
    },
    "4": {
        "name": "A"
    },
    "5": {
        "name": "A"
    },
    "6": {
        "name": "A"
    },
    "7": {
        "name": "A"
    },
    "8": {
        "name": "A"
    },
    "9": {
        "name": "A"
    },
    "10": {
        "name": "B"
    },
    "11": {
        "name": "B"
    },
    "12": {
        "name": "C"
    },
    "13": {
        "name": "C"
    },
    "14": {
        "name": "D"
    },
    "15": {
        "name": "D"
    },
    "16": {
        "name": "D"
    },
    "17": {
        "name": "D"
    },
    "18": {
        "name": "E"
    },
    "19": {
        "name": "E"
    },
    "20": {
        "name": "E"
    },
    "21": {
        "name": "E"
    },
    "22": {
        "name": "E"
    },
    "23": {
        "name": "E"
    },
    "24": {
        "name": "E"
    },
    "25": {
        "name": "E"
    },
    "26": {
        "name": "E"
    },
    "27": {
        "name": "E"
    },
    "28": {
        "name": "E"
    },
    "29": {
        "name": "E"
    },
    "30": {
        "name": "F"
    },
    "41": {
        "name": "F"
    },
    "42": {
        "name": "G"
    },
    "43": {
        "name": "G"
    },
    "44": {
        "name": "G"
    },
    "45": {
        "name": "H"
    },
    "46": {
        "name": "H"
    },
    "47": {
        "name": "I"
    },
    "48": {
        "name": "I"
    },
    "49": {
        "name": "I"
    },
    "50": {
        "name": "I"
    },
    "51": {
        "name": "I"
    },
    "52": {
        "name": "I"
    },
    "53": {
        "name": "I"
    },
    "54": {
        "name": "I"
    },
    "55": {
        "name": "I"
    },
    "56": {
        "name": "J"
    },
    "57": {
        "name": "K"
    },
    "58": {
        "name": "L"
    },
    "59": {
        "name": "L"
    },
    "60": {
        "name": "L"
    },
    "61": {
        "name": "L"
    },
    "62": {
        "name": "M"
    },
    "63": {
        "name": "M"
    },
    "64": {
        "name": "N"
    },
    "65": {
        "name": "N"
    },
    "66": {
        "name": "N"
    },
    "67": {
        "name": "N"
    },
    "68": {
        "name": "N"
    },
    "69": {
        "name": "N"
    },
    "70": {
        "name": "O"
    },
    "71": {
        "name": "O"
    },
    "72": {
        "name": "O"
    },
    "73": {
        "name": "O"
    },
    "74": {
        "name": "O"
    },
    "75": {
        "name": "O"
    },
    "76": {
        "name": "O"
    },
    "77": {
        "name": "O"
    },
    "78": {
        "name": "P"
    },
    "79": {
        "name": "P"
    },
    "80": {
        "name": "Q"
    },
    "81": {
        "name": "R"
    },
    "82": {
        "name": "R"
    },
    "83": {
        "name": "R"
    },
    "84": {
        "name": "R"
    },
    "85": {
        "name": "R"
    },
    "86": {
        "name": "R"
    },
    "87": {
        "name": "S"
    },
    "88": {
        "name": "S"
    },
    "89": {
        "name": "S"
    },
    "90": {
        "name": "S"
    },
    "91": {
        "name": "T"
    },
    "92": {
        "name": "T"
    },
    "93": {
        "name": "T"
    },
    "94": {
        "name": "T"
    },
    "95": {
        "name": "T"
    },
    "96": {
        "name": "T"
    },
    "97": {
        "name": "U"
    },
    "98": {
        "name": "U"
    },
    "99": {
        "name": "U"
    },
    "100": {
        "name": "U"
    },
    "101": {
        "name": "V"
    },
    "102": {
        "name": "V"
    },
    "103": {
        "name": "W"
    },
    "104": {
        "name": "W"
    },
    "105": {
        "name": "X"
    },
    "106": {
        "name": "U"
    },
    "107": {
        "name": "Y"
    },
    "108": {
        "name": "Y"
    },
    "109": {
        "name": "Z"
    }
}